child	parent
https://w3id.org/railsec-scope/assessment#AssessorDecision	https://w3id.org/railsec-scope/criteria#VersionedArtefact
https://w3id.org/railsec-scope/assessment#Exclusion	https://w3id.org/railsec-scope/assessment#AssessorDecision
https://w3id.org/railsec-scope/assessment#Inclusion	https://w3id.org/railsec-scope/assessment#AssessorDecision
https://w3id.org/railsec-scope/assessment#Override	https://w3id.org/railsec-scope/assessment#AssessorDecision
https://w3id.org/railsec-scope/core#AccessMechanism	http://www.w3.org/2002/07/owl#Thing
https://w3id.org/railsec-scope/core#AccessPrecondition	http://www.w3.org/2002/07/owl#Thing
https://w3id.org/railsec-scope/core#AssertedAbsence	https://w3id.org/railsec-scope/core#Assertion
https://w3id.org/railsec-scope/core#AssertedFact	https://w3id.org/railsec-scope/core#Assertion
https://w3id.org/railsec-scope/core#Assertion	http://www.w3.org/ns/prov#Entity
https://w3id.org/railsec-scope/core#Asset	https://w3id.org/railsec-scope/core#Element
https://w3id.org/railsec-scope/core#AssetType	http://www.w3.org/2002/07/owl#Thing
https://w3id.org/railsec-scope/core#Assumption	https://w3id.org/railsec-scope/core#Assertion
https://w3id.org/railsec-scope/core#AuthorisationAssertion	https://w3id.org/railsec-scope/core#Assertion
https://w3id.org/railsec-scope/core#AuthorisationStatus	http://www.w3.org/2002/07/owl#Thing
https://w3id.org/railsec-scope/core#BoundaryStatusAssertion	https://w3id.org/railsec-scope/core#Assertion
https://w3id.org/railsec-scope/core#BoundaryStatusValue	http://www.w3.org/2002/07/owl#Thing
https://w3id.org/railsec-scope/core#Consequence	http://www.w3.org/2002/07/owl#Thing
https://w3id.org/railsec-scope/core#Element	http://www.w3.org/2002/07/owl#Thing
https://w3id.org/railsec-scope/core#EpistemicStatusValue	http://www.w3.org/2002/07/owl#Thing
https://w3id.org/railsec-scope/core#ExaminationConstraint	http://www.w3.org/2002/07/owl#Thing
https://w3id.org/railsec-scope/core#FlowCharacteristic	http://www.w3.org/2002/07/owl#Thing
https://w3id.org/railsec-scope/core#Function	http://www.w3.org/2002/07/owl#Thing
https://w3id.org/railsec-scope/core#Group	http://www.w3.org/2002/07/owl#Thing
https://w3id.org/railsec-scope/core#GroupConnection	http://www.w3.org/2002/07/owl#Thing
https://w3id.org/railsec-scope/core#InformationFlow	https://w3id.org/railsec-scope/core#Element
https://w3id.org/railsec-scope/core#Interface	https://w3id.org/railsec-scope/core#Element
https://w3id.org/railsec-scope/core#Payload	http://www.w3.org/2002/07/owl#Thing
https://w3id.org/railsec-scope/core#PropertyLossScenario	http://www.w3.org/2002/07/owl#Thing
https://w3id.org/railsec-scope/core#Rationale	http://www.w3.org/2002/07/owl#Thing
https://w3id.org/railsec-scope/core#SafetyFunction	https://w3id.org/railsec-scope/core#Function
https://w3id.org/railsec-scope/core#SecurityProperty	http://www.w3.org/2002/07/owl#Thing
https://w3id.org/railsec-scope/core#SystemRole	http://www.w3.org/2002/07/owl#Thing
https://w3id.org/railsec-scope/criteria#ArtefactVersion	http://www.w3.org/2002/07/owl#Thing
https://w3id.org/railsec-scope/criteria#AssessmentBearingCategory	http://www.w3.org/2002/07/owl#Thing
https://w3id.org/railsec-scope/criteria#CandidateExaminationTarget	https://w3id.org/railsec-scope/criteria#AssessmentBearingCategory
https://w3id.org/railsec-scope/criteria#CoverageMeasure	https://w3id.org/railsec-scope/criteria#VersionedArtefact
https://w3id.org/railsec-scope/criteria#Criterion	https://w3id.org/railsec-scope/criteria#VersionedArtefact
https://w3id.org/railsec-scope/criteria#Deprecation	http://www.w3.org/2002/07/owl#Thing
https://w3id.org/railsec-scope/criteria#EntryPoint	https://w3id.org/railsec-scope/criteria#AssessmentBearingCategory
https://w3id.org/railsec-scope/criteria#ExternalComputationMethod	http://www.w3.org/ns/prov#Plan
https://w3id.org/railsec-scope/criteria#ExternalComputationMethod	https://w3id.org/railsec-scope/criteria#VersionedArtefact
https://w3id.org/railsec-scope/criteria#Interpretation	http://www.w3.org/2002/07/owl#Thing
https://w3id.org/railsec-scope/criteria#JudgementBasis	http://www.w3.org/ns/prov#Entity
https://w3id.org/railsec-scope/criteria#OntologyModule	https://w3id.org/railsec-scope/criteria#VersionedArtefact
https://w3id.org/railsec-scope/criteria#OrderingFactor	https://w3id.org/railsec-scope/criteria#VersionedArtefact
https://w3id.org/railsec-scope/criteria#OrderingFactorSet	https://w3id.org/railsec-scope/criteria#VersionedArtefact
https://w3id.org/railsec-scope/criteria#OutputProfile	https://w3id.org/railsec-scope/criteria#VersionedArtefact
https://w3id.org/railsec-scope/criteria#Source	http://www.w3.org/2002/07/owl#Thing
https://w3id.org/railsec-scope/criteria#SourceEdition	http://www.w3.org/2002/07/owl#Thing
https://w3id.org/railsec-scope/criteria#SourceLocation	http://www.w3.org/2002/07/owl#Thing
https://w3id.org/railsec-scope/criteria#TerminologyTerm	http://www.w3.org/2002/07/owl#Thing
https://w3id.org/railsec-scope/criteria#VersionedArtefact	http://www.w3.org/ns/prov#Entity
https://w3id.org/railsec-scope/railway#AccessRiskType	http://www.w3.org/2002/07/owl#Thing
https://w3id.org/railsec-scope/railway#Category1Transmission	https://w3id.org/railsec-scope/railway#TransmissionCategory
https://w3id.org/railsec-scope/railway#Category2Transmission	https://w3id.org/railsec-scope/railway#TransmissionCategory
https://w3id.org/railsec-scope/railway#Category3Transmission	https://w3id.org/railsec-scope/railway#TransmissionCategory
https://w3id.org/railsec-scope/railway#ControlWeaknessType	http://www.w3.org/2002/07/owl#Thing
https://w3id.org/railsec-scope/railway#CorruptionThreat	https://w3id.org/railsec-scope/railway#TransmissionThreat
https://w3id.org/railsec-scope/railway#CriticalViolationType	http://www.w3.org/2002/07/owl#Thing
https://w3id.org/railsec-scope/railway#DelayThreat	https://w3id.org/railsec-scope/railway#TransmissionThreat
https://w3id.org/railsec-scope/railway#DeletionThreat	https://w3id.org/railsec-scope/railway#TransmissionThreat
https://w3id.org/railsec-scope/railway#DoSExposedFlow	https://w3id.org/railsec-scope/railway#VulnerableFlow
https://w3id.org/railsec-scope/railway#EnvironmentControlFact	https://w3id.org/railsec-scope/core#AssertedFact
https://w3id.org/railsec-scope/railway#InsertionThreat	https://w3id.org/railsec-scope/railway#TransmissionThreat
https://w3id.org/railsec-scope/railway#MaintenanceAccess	https://w3id.org/railsec-scope/core#AccessMechanism
https://w3id.org/railsec-scope/railway#MasqueradeThreat	https://w3id.org/railsec-scope/railway#TransmissionThreat
https://w3id.org/railsec-scope/railway#NonSafetyPayload	https://w3id.org/railsec-scope/railway#RailwayPayload
https://w3id.org/railsec-scope/railway#OperationalAsset	https://w3id.org/railsec-scope/railway#RailwayAsset
https://w3id.org/railsec-scope/railway#ParticipantSetFixedFact	https://w3id.org/railsec-scope/core#AssertedFact
https://w3id.org/railsec-scope/railway#RailwayAsset	https://w3id.org/railsec-scope/core#Asset
https://w3id.org/railsec-scope/railway#RailwayInformationFlow	https://w3id.org/railsec-scope/core#InformationFlow
https://w3id.org/railsec-scope/railway#RailwayPayload	https://w3id.org/railsec-scope/core#Payload
https://w3id.org/railsec-scope/railway#RailwaySecurityZone	https://w3id.org/railsec-scope/core#Group
https://w3id.org/railsec-scope/railway#RemoteAccess	https://w3id.org/railsec-scope/core#AccessMechanism
https://w3id.org/railsec-scope/railway#RepetitionThreat	https://w3id.org/railsec-scope/railway#TransmissionThreat
https://w3id.org/railsec-scope/railway#ResequencingThreat	https://w3id.org/railsec-scope/railway#TransmissionThreat
https://w3id.org/railsec-scope/railway#SILRiskType	http://www.w3.org/2002/07/owl#Thing
https://w3id.org/railsec-scope/railway#SafetyCriticalAsset	https://w3id.org/railsec-scope/railway#RailwayAsset
https://w3id.org/railsec-scope/railway#SafetyIntegrityLevel	http://www.w3.org/2002/07/owl#Thing
https://w3id.org/railsec-scope/railway#SafetyRelatedAsset	https://w3id.org/railsec-scope/railway#RailwayAsset
https://w3id.org/railsec-scope/railway#SafetyRelatedPayload	https://w3id.org/railsec-scope/railway#RailwayPayload
https://w3id.org/railsec-scope/railway#SupplierAccess	https://w3id.org/railsec-scope/core#AccessMechanism
https://w3id.org/railsec-scope/railway#TransmissionCategory	https://w3id.org/railsec-scope/criteria#AssessmentBearingCategory
https://w3id.org/railsec-scope/railway#TransmissionThreat	http://www.w3.org/2002/07/owl#Thing
https://w3id.org/railsec-scope/railway#UnauditedFlow	https://w3id.org/railsec-scope/railway#VulnerableFlow
https://w3id.org/railsec-scope/railway#UnauthorisedAccessExclusionAssumption	https://w3id.org/railsec-scope/core#Assumption
https://w3id.org/railsec-scope/railway#UnsegmentedCrossBoundaryFlow	https://w3id.org/railsec-scope/railway#VulnerableFlow
https://w3id.org/railsec-scope/railway#VulnerableFlow	https://w3id.org/railsec-scope/railway#RailwayInformationFlow
https://w3id.org/railsec-scope/results#CandidateSet	https://w3id.org/railsec-scope/results#DerivedResult
https://w3id.org/railsec-scope/results#CategoryAssignment	https://w3id.org/railsec-scope/results#DerivedResult
https://w3id.org/railsec-scope/results#ComputationOutcome	http://www.w3.org/2002/07/owl#Thing
https://w3id.org/railsec-scope/results#CoverageResult	https://w3id.org/railsec-scope/results#DerivedResult
https://w3id.org/railsec-scope/results#CriterionEvaluation	https://w3id.org/railsec-scope/results#DerivedResult
https://w3id.org/railsec-scope/results#DependencyChain	https://w3id.org/railsec-scope/results#DerivedResult
https://w3id.org/railsec-scope/results#DependencyChainEntry	http://www.w3.org/2002/07/owl#Thing
https://w3id.org/railsec-scope/results#DerivationRecord	http://www.w3.org/ns/prov#Bundle
https://w3id.org/railsec-scope/results#DerivationStep	http://www.w3.org/ns/prov#Activity
https://w3id.org/railsec-scope/results#DerivedResult	http://www.w3.org/ns/prov#Entity
https://w3id.org/railsec-scope/results#EvaluationOutcome	http://www.w3.org/2002/07/owl#Thing
https://w3id.org/railsec-scope/results#ExecutionEnvironment	http://www.w3.org/2002/07/owl#Thing
https://w3id.org/railsec-scope/results#FactorValue	https://w3id.org/railsec-scope/results#DerivedResult
https://w3id.org/railsec-scope/results#InstanceSet	https://w3id.org/railsec-scope/criteria#VersionedArtefact
https://w3id.org/railsec-scope/results#MaterialFindingDesignation	http://www.w3.org/2002/07/owl#Thing
https://w3id.org/railsec-scope/results#Mechanism	http://www.w3.org/ns/prov#SoftwareAgent
https://w3id.org/railsec-scope/results#Mechanism	https://w3id.org/railsec-scope/criteria#VersionedArtefact
https://w3id.org/railsec-scope/results#OrderingEntry	http://www.w3.org/2002/07/owl#Thing
https://w3id.org/railsec-scope/results#OrderingResult	https://w3id.org/railsec-scope/criteria#VersionedArtefact
https://w3id.org/railsec-scope/results#OrderingResult	https://w3id.org/railsec-scope/results#DerivedResult
https://w3id.org/railsec-scope/results#PerformanceMeasurement	http://www.w3.org/ns/prov#Entity
https://w3id.org/railsec-scope/results#PerformanceTarget	https://w3id.org/railsec-scope/criteria#VersionedArtefact
https://w3id.org/railsec-scope/results#ReachabilityResult	https://w3id.org/railsec-scope/results#DerivedResult
https://w3id.org/railsec-scope/results#Run	http://www.w3.org/ns/prov#Activity
https://w3id.org/railsec-scope/results#RunComparison	https://w3id.org/railsec-scope/results#DerivedResult
https://w3id.org/railsec-scope/results#SafetyImpactResult	https://w3id.org/railsec-scope/results#DerivedResult
https://w3id.org/railsec-scope/results#Selection	https://w3id.org/railsec-scope/criteria#VersionedArtefact
https://w3id.org/railsec-scope/results#UnresolvedInput	http://www.w3.org/ns/prov#Entity
https://w3id.org/railsec-scope/rules#DLSafeRule	http://www.w3.org/2002/07/owl#Thing

equivalent_class_a	equivalent_class_b
